{
  "hash": "3270c3f7",
  "configHash": "80bfc023",
  "lockfileHash": "6cf6b8b7",
  "browserHash": "489b17f7",
  "optimized": {
    "@angular/common": {
      "src": "../../../../../node_modules/@angular/common/fesm2022/common.mjs",
      "file": "@angular_common.js",
      "fileHash": "affd9bf3",
      "needsInterop": false
    },
    "@angular/core": {
      "src": "../../../../../node_modules/@angular/core/fesm2022/core.mjs",
      "file": "@angular_core.js",
      "fileHash": "f5813595",
      "needsInterop": false
    },
    "@angular/platform-browser": {
      "src": "../../../../../node_modules/@angular/platform-browser/fesm2022/platform-browser.mjs",
      "file": "@angular_platform-browser.js",
      "fileHash": "52e4bd03",
      "needsInterop": false
    },
    "@angular/router": {
      "src": "../../../../../node_modules/@angular/router/fesm2022/router.mjs",
      "file": "@angular_router.js",
      "fileHash": "5522f567",
      "needsInterop": false
    }
  },
  "chunks": {
    "chunk-6HXOKRCZ": {
      "file": "chunk-6HXOKRCZ.js"
    },
    "chunk-U2STV35N": {
      "file": "chunk-U2STV35N.js"
    },
    "chunk-O7KAIYEH": {
      "file": "chunk-O7KAIYEH.js"
    }
  }
}