{
  "hash": "efd15d2f",
  "configHash": "aa70b70f",
  "lockfileHash": "4c905824",
  "browserHash": "327a10fa",
  "optimized": {
    "@angular/core": {
      "src": "../../../../../node_modules/@angular/core/fesm2022/core.mjs",
      "file": "@angular_core.js",
      "fileHash": "69294202",
      "needsInterop": false
    },
    "@angular/platform-browser": {
      "src": "../../../../../node_modules/@angular/platform-browser/fesm2022/platform-browser.mjs",
      "file": "@angular_platform-browser.js",
      "fileHash": "3a64bef6",
      "needsInterop": false
    },
    "@angular/router": {
      "src": "../../../../../node_modules/@angular/router/fesm2022/router.mjs",
      "file": "@angular_router.js",
      "fileHash": "da62d7c7",
      "needsInterop": false
    }
  },
  "chunks": {
    "chunk-IHFPUAUX": {
      "file": "chunk-IHFPUAUX.js"
    },
    "chunk-O7KAIYEH": {
      "file": "chunk-O7KAIYEH.js"
    }
  }
}